{
  "version": 1,
  "author": "Anonymous maker",
  "editor": "wokwi",
  "parts": [
    { "type": "wokwi-arduino-uno", "id": "uno", "top": -69.78, "left": 46.71, "attrs": {} },
    {
      "type": "wokwi-led",
      "id": "led1",
      "top": -129.77,
      "left": 150.24,
      "attrs": { "color": "red", "flip": "" }
    },
    {
      "type": "wokwi-resistor",
      "id": "r1",
      "top": -97.28,
      "left": 189.38,
      "attrs": { "value": "1000" }
    },
    {
      "type": "wokwi-slide-potentiometer",
      "id": "pot1",
      "top": 142.62,
      "left": 89.93,
      "attrs": { "travelLength": "30" }
    }
  ],
  "connections": [
    [ "uno:GND.1", "led1:C", "black", [ "v0" ] ],
    [ "r1:1", "led1:A", "green", [ "v0" ] ],
    [ "r1:2", "uno:13", "green", [ "v17.89", "h-76.47" ] ],
    [ "pot1:GND", "uno:GND.2", "black", [ "v0" ] ],
    [ "pot1:VCC", "uno:5V", "red", [ "h-0.57", "v-45.22", "h121.04" ] ],
    [ "pot1:SIG", "uno:A0", "green", [ "h-7.91", "v-60.55", "h176.38" ] ]
  ],
  "dependencies": {}
}